model_name,RMSE,r2_score,max_error
Gradient Boosting,0.33418988251765164,0.24625869906238618,3.772110543130849
Adaboost Decision Tree,0.3364916599808725,0.2358399541361672,2.972105263157891
Random Forest,0.3388139038369588,0.22525609946016334,3.719299999999998
Stacking model,0.34535357688174917,0.19505976816933712,3.829810118205387
Decision Tree,0.35066403171529564,0.17011452946886008,4.166666666666667
Linear Regression,0.38063468564418795,0.022194580528970942,4.027172713544307
SVR,0.388869703642876,-0.020572674039748273,4.10414015092386
Adaboost Linear Regression,0.39655041563744226,-0.06128624728831844,4.0272357017500955
